{
  "name": "ESRK16-4",
  "order": 4,
  "stages": 16,
  "A_rows": 16,
  "A_cols": 16,
  "format": {
    "A": "Butcher tableau (lower triangular for explicit RK)",
    "b": "weights vector length s"
  },
  "stability": {
    "real_axis_radius": 58.656618727743464,
    "stability_poly": {
      "variable": "z",
      "degree": 16,
      "coeffs_descending": [
        8.857469958051707e-12,
        3.5946589158005253e-11,
        -2.7409467983107245e-10,
        -3.6409328215658214e-10,
        1.3983666216787116e-09,
        1.1990531505587658e-09,
        2.6636194223584833e-09,
        1.68841242549736e-07,
        4.007041624824346e-06,
        6.864503998883957e-05,
        0.0008415800545716879,
        0.007184915202842468,
        0.04166666687020079,
        0.166666666697947,
        0.4999999999849031,
        0.9999999999988933,
        1.000000000000184
      ],
      "coeffs_ascending": [
        1.000000000000184,
        0.9999999999988933,
        0.4999999999849031,
        0.166666666697947,
        0.04166666687020079,
        0.007184915202842468,
        0.0008415800545716879,
        6.864503998883957e-05,
        4.007041624824346e-06,
        1.68841242549736e-07,
        2.6636194223584833e-09,
        1.1990531505587658e-09,
        1.3983666216787116e-09,
        -3.6409328215658214e-10,
        -2.7409467983107245e-10,
        3.5946589158005253e-11,
        8.857469958051707e-12
      ]
    }
  }
}